{
    "loss": 0.6854900121688843,
    "accuracy": 0.8534482717514038
}